review_text,review_date
"LLevo mas de 2 año intentando contactar con ellos para poder terminar mi proceso de registro, y lo unico que me dicen es : abre una queja desde la app del movil desde la parte de ayuda , pero no entienden que NO ME DEJA ENTRAR, me pone que me ponga en contacto con atencion al cliente y me pongo y me dicen que entre en la app y hable con atencion al cliente de ahi, llevo asi mas 2 años. Es imposible que te contesten, si tienes un problema con tu dinero aqui no te van a resolver nada",2026-02-20T23:19:03.000Z
"Ojo con esto, yo solo expongo mi experiencia. Después de ver anuncios en TV y al 2% sin limite de saldo... Me bajé la app y me da por meter todo mi capital "" como era iban español""... Pues bien.... 7 días sin ingresar mi dinero en mi cuenta. 1000 emails y 2000 chats. No hay contestación, solo un bot, imagínate 7 días con tu dinero por Alemania. En esos 7 días, ellos con mi dinero si tuvieron esas comisiones pero yo no, las transferencias me las devolvieron y cerré la cuenta. Mi tesis... Si eres de invertir migajas, no vas a perder nada, pero para meter un capital? Mi dinero ya no volverá a salir de España, eso sí lo he aprendido.",2026-02-20T01:03:54.000Z
"Las recompensas por invitar gente no funcionan correctamente, sus sistemas de detección de acciones no son perfectos y claro como no hay atención. Esto puede considerarse una estafa, porque es omisión de la responsabilidad con la promo.",2026-02-19T12:45:51.000Z
"Publicidad engañosa y mal servicio de atención al cliente, Te prometen bonos por engañar a amigos que se sumen a la cuenta que no te dan, tienes que abrir chat de ayuda que no resuelven nada. Te cobran impuestos de más y te dicen que los reclames en la declaración, los spreads son elevadísimos... hay muchas otras mejores opciones",2026-02-17T13:24:56.000Z
"Desde hace semanas no puedo realizar una transferencia para retirar el dinero. No existe soporte/atención al cliente, les envías correo y no responden nunca, les llamas y no cogen el teléfono. Cada día funciona peor la aplicación",2026-02-16T11:51:14.000Z
"No soy un gran inversor en criptomonedas, solo una persona común buscando ahorrar algo de dinero. Al principio todo parecía sencillo, pero cuando intenté retirar mis fondos, comenzaron los problemas: comisiones, retrasos y mucho silencio. Me sentí frustrado y sin ayuda. Luego encontré (D A T AB LO C K W AT CH). Personas reales, explicaciones claras y actualizaciones continuas. Sin presiones, solo soluciones concretas. Mis fondos ya están de vuelta. ¡Muchas gracias!",2026-02-14T09:44:55.000Z
"Después de meses tratando de descubrir porque me bloquearon mi cuenta no recibo ayuda ni asistencia. Lo único que ofrece esta app es un chatbot fatal hecho. No existe número al que llamar o buzón de email al que escribir en caso de tener algún problema. . Se quedan tu dinero con cualquier excusa y luego nadie te atiende más allá de la IA. Me llevo una gran decepción y ellos una denuncia pública. Estafa con todas las letras, cero atención al cliente. Pésima experiencia.",2026-02-14T09:19:10.000Z
"Es penoso, que no tengan servicio de atención a clientes. Te bloquean la cuenta sin razón alguna y para poder gestionar las quejas tienes que acceder desde la aplicación, pero si no puedes loguearte porque te bloquearon la cuenta no puedes hacer nada. Es una ESTAFA. No se den de alta en esta aplicación.",2026-02-13T12:07:05.000Z
"Desastroso una vergüenza me llevan 2 meses y medio retenido unos gastos del impuesto por compra venta de valores que al ser intradia están exentos, queja formal al banco de España esto es inadmisible",2026-02-11T10:50:49.000Z
"La verdad, me parecía buena app y con buen servicio y beneficios. Pero es un horror atención al cliente. Solo atienden por chat, tardan en dar soluciones, y ahora encima, me han liberado un pago duplicado de iberia, y TR ya después de 8 días sigue sin devolverlo, manteniendo en negativo la cuenta, y alegando que se libera en unos días cuando Iberia lo suelte.... iberia lleva diciéndome varias veces que ya esta liberado, pero TR dice que aun no..... resultado, cuenta negativa y sin poder usarla.... PESIMO",2026-02-09T15:53:56.000Z
"Soy cliente desde hace unos dos años y nunca tuve problemas, pero al abrirle recientemente una cuenta a mis padres me he encontrado con una TRAMPA que están haciendo de un tiempo a esta parte: a pesar de que anuncian que se trata de una cuenta remunerada, cuando les envías el dinero NO TE LO REMUNERAN. La excusa es que ahora requieren que tú mismo te metas en la APP y ""actives la remuneración"", algo que yo jamás tuve que hacer! El resultado es que durante casi un mes no han tenido remuneración alguna, hasta que me percaté del ENGAÑO... Por otra parte, es IMPOSIBLE que alguien te atienda por teléfono en caso de cualquier duda o reclamación. Sólo atienden por chat, así que las personas mayores que no pertenecen a las generaciones digitales quedan totalmente desatendidas...",2026-02-09T13:40:44.000Z
"Compré 1 bitcoin el 02.02.2026 a las 13:25 que cotizaba a 65,800€ por 66,374€, pero me cobraron de mi cuenta 67,790€, luego lo vendí el mismo dia a las 16:48 por 66817€ pero me ingresaron en la cuenta 65359€. En una operación en la que ""gané"" 440€ a pesar de la gran diferencia entre Bid y Ask de la plataforma, el resultado de mi operativa es de -2434€. Tengo el informe de costes de la operación, pero dicen que el precio al que compro el bitcoin es 1500€ mas caro de lo que vi en la operación y al venderlo, lo vendo 1500€ mas barato de lo que vi en la operacion. Transparencia en las operativas: 0% Estafadores absolutos. Luego dicen que la comision es de 1€ pero... y los 3000€ que se han quedado en el camino? 1 semana para responder en la plataforma de ayuda y solo me mandan mensajes copypaste",2026-02-09T12:46:18.000Z
"Estafadores. Bloquean cuentas sin sentido y te tienen semanas y semanas sin dsr una solución y sin poder acceder a tu dinero y sin atención al cliente. No metáis vuestro dinero en este Banco, leed primero las opiniones que hay en Internet al respecto de bloqueos de cuentas",2026-02-07T13:36:31.000Z
"No exite el servicio de atención al cliente. Da igual cómo intentes contactar te remiten siempre a la ayuda de la APP indicando que en algún momento te derivarán a un Chat con el servicio de atención al cliente, pero esto es completamente falso. La ayuda de la APP nunca te deriba a unchat, con lo que es imposible contactar con ellos. En mi caso, y este problema es general para todos, es que no puedo definir un Stop Lost para todas las acciones de un ETF porque no permiten indicar decimales a la hora de indicar cuantas acciones quieres que se vendan en la operación.",2026-02-06T13:00:57.000Z
"Me han estafado dinero y es imposible que te atienda el servicio de atención al cliente. No te atiende jamás una persona real, todo está automatizado y lo único que hacen es reenviar compulsivamente los mismo mensajes. Me tienen desesperada porque necesito que me emitan un informe para la denuncia policial y no hay forma… y hablo de más de 5000€",2026-02-05T12:07:36.000Z
"Hicimos una transferencia desde una cuenta conjunta y dicen que no está a mi nombre. He presentado los documentos y siguen con 50.000€ retenidos, ya van 4 días, les he dicho que devuelvan la transferencia. Nadie responde. El peor servicio de mi vida. Espero que me devuelvan mi dinero, hoy mismo voy a la OCU.",2026-02-05T10:42:03.000Z
"Me parece asombro y bochornoso que una empresa como la vuestra haga algo así y siendo un nuevo cliente! Nos dejan sin respuesta, no me ingresen la cantidad por ser elevada y mismo con  aportación de documentos que acreditan de dónde y de quién  viene la transferencia y porque! Una empresa que hasta en la televisión sale ! Me parece una falta de profesionalidad tremenda . Sigo esperando 5 días después y sin respuesta",2026-02-05T10:26:09.000Z
Me bloquearon la cuenta porque me habían robado el móvil y ahora no puedo acceder a mi cuenta. He intentado contactar por correo electrónico y por el chat y o no te contestan o si te contestan  no te dan una solución para  desbloquear la cuenta. No recomiendo esta app para nada porque te da más disgustos que intereses.,2026-02-04T22:10:35.000Z
"Mejor que un banco clásico (CaixaBank por ejemplo) tiene mejor servicio y simple a utilizar. Aunque el servicio al cliente es pésimo. En las inversiones en bolsa o crypto no hay stop loss (es irresponsable ofrecer este servicio sin esta seguridad), no hay take profit, el spread no es el mejor del mercado, faltan acciones y crypto. Quieren ofrecer un servicio bancario pero le faltan bastante madurez para sus clientes.",2026-02-04T12:04:05.000Z
Horrible! La atención al cliente brilla por su ausencia absoluta!!!,2026-02-03T20:01:51.000Z
"Cuando compras acciones te lo vende más de un euro mas caro de lo que realmente están, eso quiere decir que nada más de comprar ya entras en negativo, reza que ese euro y pico más caro suba en breve, muy decepcionada, a quien acudes  cuando no hay ni tan siquiera atención al cliente. Penoso. Te atiende un robot.",2026-02-01T14:13:43.000Z
"Han bloqueado varios valores, dicen que han dejado de ser negociables en bolsa y la realidad esque son ellos quienes han dejado de trabajarlos, si hago caso a sus indicaciones pierdo toda la inversión. Ahora solicitando el traspaso a un broker de verdad, no contestan, no dan señales de vida, preveo que tendré que ir por una reclamación al órgano regulador. Me siento estafado, mucho cuidado con esto, es un neo banco sin experiencia.",2026-01-30T06:11:00.000Z
"Ayer me di de alta, puse 10.000€, hice una operación de 9.000€, tengo dudas pero no hay manera de aclararlas, en cuanto acabe la operación me doy de baja",2026-01-28T12:21:46.000Z
"ATENCIÓN AL CLIENTE INEXISTENTE Soy cliente desde hace más de dos años. Puedo asegurar que la app es PÉSIMA, en cuanto a atención al cliente. No hay forma de contactar. Además, sin haber invertido NADA en criptomonedas, me aparece que tengo ""MENOS 1000 y pico euros"". Ante esa duda, no me responde nadie, ni de manera automática. Y OJO: en la mayoría de las operaciones que he hecho siempre han habido deslizamientos grandes en los que siempre salgo perdiendo. PENSADLO BIEN ANTES DE DEPOSITAR VUESTRO DINERO, que LO PODÉIS PASAR MAL.",2026-01-26T18:10:39.000Z
No tienen atención al cliente. Llevo semanas esperando que me desbloqueen la cuenta e imposible. Me están haciendo perder tiempo y dinero. Ya estoy tratando de resolverlo con OCU y el Banco de España. Ya sabéis por qué tienen bajas comisiones.,2026-01-26T12:20:09.000Z
"Me han bloqueado la cuenta a pesar de que la utilizaba únicamente para gastos cotidianos. Lo más incomprensible es que la cuenta sigue bloqueada sin que me indiquen el motivo. No solicitan ningún documento y no dan ninguna respuesta, a pesar de que ya han pasado dos días. Las razones de este bloqueo son totalmente desconocidas. Si no quieren verse en una situación similar, no elijan este banco. En otros bancos este tipo de problemas se puede resolver en cuestión de horas o, como máximo, en uno o dos días. Aquí, lamentablemente, el servicio es muy deficiente.",2026-01-24T00:49:23.000Z
"Mucho cuidado con el servicio de atención al cliente, es una odisea. Yo le hice una transferencia a mi mujer hace 5 días y la transferencia no ha llegado. Hablar con ellos es muy difícil, responden al día siguiente, y como no hay forma de hacerlo ""en vivo"", si necesitas añadir algo, otro día más, y así. Advertidos estáis.",2026-01-23T16:26:25.000Z
"No hay posibilidad de contactar por telefono, solo para perdida de movil o tarjeta. Via chat de agente llevo mas de 2 semanas con una incidencia que no resueñven, me dan constantemente respuestas sin sentido e ineficaces. No recomendaria por el servicio de atencion al cliente.",2026-01-23T14:25:21.000Z
"No existe forma humana de contactar con ellos. Usé la promoción de que un amigo invirtiera la cantidad que ellos decían. Se suponía que me iban a regalar acciones, pero no me regalaron nada, pese a que tengo la constancia de que mi amigo (mi marido) hizo todo lo que debía. Me estafaron y ni siquiera tengo dónde quejarme.",2026-01-22T19:25:56.000Z
"Realize una transferencia desde BBVA, fecha valor 13 de enero pasado, aun no esta abonada a mi cuenta de Trade, pregunto a traves de su xat y aun estoy a la espera, han pasado 7 dias, es angustiante",2026-01-18T15:22:40.000Z
"Spreads inmensos y la app para mi gusto es demasiado poco transparente, me da la sensacion de que intenta ocultarlo todo, sobre todo al estar acostumbrado a plataformas mucho mas ricas en datos como IBKR. Resultó que cree un plan que no conseguia encontrar activo en la app, hasta que me lo ejecutaron. Por comprar 500 euros de btc perdi unos 15, y otros 15 para venderlos, cuando en realidad no queria este plan porque vi el spread, pero no fui capaz de encontrarlo para camcelarlo por lo que pensé que no se habia guardado. Por mi parte ya no les doy mas dinero.",2026-01-17T12:36:30.000Z
"Asistencia al cliente ES LAMENTABLE, resumiendo, NO EXISTE. Fui víctima de una estafa al comprar en una página clonada, lo que se conoce como Web Spoofing, 100 EUR. Acudí a la Policía Nacional y presenté una denuncia, que es un requisitio suficiente para que el banco te devuelva el dinero. Después de mucho tiempo invertido en tratar de contactar, después de SEMANAS, un humano me respondió que me pusiera en contacto con el vendedor. Vaya broma. Nunca he sido capaz de recuperar ese dinero. A cualquiera le puede suceder, y con cualquier cantidad. Con REVOLUT me sucedió lo mismo hace tiempo y me lo devolvieron en el mismo día. No la vuelvo a usar. En cuanto a las inversiones, super confuso saber cuál es el estado de tus ganancias/pérdidas, pues el análisis incluye cuentas que ya no tienes. Un cliente menos.",2026-01-16T12:38:11.000Z
"-El 21 de noviembre hice una transferencia urgente de 5000€ y a día de hoy no se sabe donde están y el servicio atención al cliente me responde ""solo queremos que sepas que estamos en ello y te daremos una actualización en cuanto podamos"". En cuanto se arregle cierro la cuenta y espero no tener problemas con hacienda.",2026-01-13T15:20:58.000Z
"La atención al cliente es pésima, ante cualquier problema resulta imposible contactar con alguien. Intentaré salir de aquí lo antes posible.",2026-01-12T14:57:41.000Z
"Si quieren tener todo automatizado sin contratar humanos por lo menos deberían asegurarse que funcionará su tecnología... Es imposible hacerse la cuenta. Su robot debe ""detectar tu rostro"" y es imposible que lo detecte. No hay forma de avanzar y verificar la cuenta para utilizarla. Como no existe ningún tipo de asistencia ya es imposible incluso algo tan simple como abrir una cuenta si el robot falla. Ahora imaginen que les ocurre algo más grave que eso. Suerte si quieres que te lo arregle el robot que no sabe ni reconocer un rostro.",2026-01-12T14:51:57.000Z
"Voy a ser muy directo; Uso la app desde mayo de 2025, y le doy la calificación de 4 estrellas, principalmente y personalmente me gusta el acceso al mercado de bonos que ofrece, bonos soberanos y corporativos, principalmente en divisa de € y $. También ofrece la cuenta remunerada ajustada a tipos del BCE, eso también me gusta y me parece lo justo. Eso es lo que mas valoro y me gusta de este banco o bróker. Lo que menos me gusta, es algo que estoy observando, y que tiene que ver con las comisiones y spreads, esto me hace desear puntuar con 3 estrellas. Porque como yo puedo lanzar una orden de compra a mercado, firmar el contrato, numero de acciones, ISIN del producto, coste por acción... y comprar a precio de 20,50€ por acción y pasado unos días, meses, ponerme en la app el coste de las acciones a 20,58€ ojo con esto que no me gusta nada. Yo tengo mis contratos PDF guardados y lo he corroborado, osea que alguien me explique esto.. No he tratado de contactar para buscar explicación oficial sobre este tema.",2026-01-10T12:20:43.000Z
"Es muy básico y tiene sus ventajas, pero si tienes un problema no hay opción de contactar con soporte. No exagero, es real.",2026-01-10T00:20:25.000Z
NEFASTA ATENCIÓN AL CLIENTE. Han deslistado una acción que tengo en cartera. Les he escrito emails y no contestan. un desastre,2026-01-09T15:35:15.000Z
"Muy buena empresa por cuenta remunerada y las inversiones que te permite realizar. Pero es el peor servicio al cliente que he visto en mi vida. No se les puede llamar ni mandar un correo electrónico, te devuelven un correo diciendo que tienes que contactar por la app, es extremadamente lento y es muy frustrante. He tenido un problema con un comerciante y está siendo insufrible la experiencia. Recomiendo no hacer pagos a través de la app. Si no tienes ningún problema, genial, pero como necesites ayuda urgente, estás totalmente incomunicado y es horrible.",2026-01-07T19:40:11.000Z
La atencion al cliente y la ayuda que proporcionan es penosa. Actuan casi como estafadores a pesar del tamaño que tienen. No recomiendo nada usarla. Además de tener comisiones altisimas.,2026-01-05T22:51:41.000Z
"Estoy en el proceso de alta y me han bloqueado la cuenta durante 48 h al intentar vincular mi dispositivo. No hay nadie que te de soporte, hablan de acceso a un chat y no hay manera de hacerlo, solo un FAQ para que te apañes tú solo. Si este es el soporte que prestan a un futuro cliente, prefiero no serlo. Cuando son temas de dinero, la gente necesita alguien a quien acudir en caso de problemas. Así que empezamos mal y terminamos ya",2026-01-05T14:35:12.000Z
"Soporte al cliente inexistente. Hace ya dos meses que ha desaparecido mi inversión en una criptomoneda, puede que debido a cambios en la plataforma. Decidí contactar con la asistencia al pasar los días, tan solo disponen de un chat, en el que debe contestarte un bot, nunca una persona real que se identifique. Desde hace más de un mes, sigo esperando una respuesta, porque no mi dinero ni mi inversión han aparecido, ni una persona real me ha dado aún respuesta. Para una plataforma que trabaja con algo tan relevante como el capital inmobiliario, esto me parece totalmente denunciable.",2026-01-04T18:07:00.000Z
No hay forma de contactar con ellos. Tienen una buena app pero ante un problema no se hacen cargo de nada: no te informan ni puedes contactar con ellos. Tengo dinero paralizado por este motivo,2026-01-03T12:17:53.000Z
"Increíble que esté anunciada por Televisión, luego nos vamos a quejar de Publicidad Engañosa,! Nos creemos todo,! Y al final de la vida,,! Nadie da Duros a Pesetas,!! Que estamos harto de tanta gente lista,!! Ofuuu",2025-12-31T12:58:12.000Z
"Es un neobanco,no broker. Spread caro,no corresponde al ask mostrado al comprar acciones. Atencion al cliente nula. En poder la doy de baja,estoy aborreciendolos",2025-12-30T11:42:28.000Z
"cuidado peligrosos,un chiringuito ideado desde berlin,para robar aqui,sin atencion al cliente de nada,una pagina basica,que no vale para nada,nula en todo..solo les vale denuncias en lo judicial,lo demas nada,se ve que estan acostumbrados a robar..",2025-12-30T00:24:35.000Z
Hace meses que intento dar de alta la cuenta y no me deja. Quiero cerrarla y tampoco me lo permite. Un completo desastre!!,2025-12-28T22:28:24.000Z
"Es la peor app que he experimentado en mi vida. La atención al cliente NO EXISTE. Mis datos personales se han volcado mal y no hay forma humana de corregirlo, si ante este pequeño problema la solución no existe, no quiero ni pensar que pasará cuando tenga un problema real con alguna transacción económica. No la recomiendo para nada.",2025-12-26T23:58:12.000Z
"Si no tienes ningún problema está genial, eso sí, si algo falla preparate para un autentico calvario, decir que tienen atención al cliente sería engañarnos, el correo no sirve para nada puesto que todo se deriva a un chat con respuestas predeterminadas donde no puedes escribir nada, tan solo marcar los problemas que ellos te ponen predeterminadamente, si no está ahí tu problema olvidate de solucionarlo, así de crudo, es bastante frustrante, pero solo te quedaría irte a la oficina del consumidor o denunciar, y no se si esto serviría de mucho, no entiendo como se les permite operar en España con ese servicio, pasaré toda mi cartera a otra plataforma donde como mínimo exista un chat REAL, o un teléfono o un correo en el que te atiendan, no lo recomiendo en absoluto.",2025-12-23T21:59:17.000Z
"En general funciona bien y la app es facil de usar, excepto contactar con atencion al cliente, hoy lo he intentado varias veces y no lo he conseguido, he invitado a un amigo y aparece que a cumplido con los dos primeros pasos y mi amigo los ha cumplido todos. Si observo mas falta de respuesta o seriedad, lo pondre en manos de la O.C.U. atentamente",2025-12-23T17:46:22.000Z
"Estafa auspiciada por analistas y youtubers de  todo pelaje. Valoro con 1 estrella, por no poder poner negativo o ""0"" A mis valoraciones, anteriores, añadir que he sido doblemente estafado, primero por el Consejo de Administración de Soltec (Demanda penal en curso) y segundo, porque a pesar de haber comunicado la CNMV, que se volvían admitir a cotización las acciones, en TRB, no son negociables y me remiten a una empresa (broker), de la que yo no soy ni he sido nunca cliente. En el apartado de ayuda de la aplicación te borran tus quejas y/o peticiones, sin  dar respuesta ni resolver tus demandas. Un chiringuito para estafar a los particulares.",2025-12-23T16:16:15.000Z
"Es imposible contactar con atención al cliente. Para cualquier problema, te indican que vayas al chat de la app. Pero el chat es un sistema automatizado, con preguntas y respuestas predefinidas. El número de teléfono de contacto también es una línea automatizada, y solo permite comunicar pérdidas o robos de tarjetas. Si les mandas un correo electrónico, responden con una plantilla automatizada diciendo que esa no es la vía para gestionar problemas con la cuenta, y te remiten de nuevo al chat. En resumen, si tienes algún problema, no va a haber nadie al otro lado para solucionarlo. No da mucha confianza, teniendo en cuenta que estamos hablando de una empresa que gestiona un tema tan serio como es el dinero.",2025-12-21T11:27:06.000Z
"En cuanto a la cuenta remunerada no tengo queja y estoy contento con el servicio, pero con respecto al Broker es una estafa. Ya ne ha pasado varias veces que activo una orden stop loss, y esta se dispara muy lejos del valor puesto, con la consecuente pérdida. No lo recomiendo, no es de fiar",2025-12-19T17:47:25.000Z
"Lleva más de tres meses aprox intentando pasar mi cartera de valores a interactive brokers y no me dan más que largas. Entiendo que quieran que no saque mis activos de su cuenta, pero en el momento que han cambiado su residencia fiscal a España no me interesa tener cuenta con ellos y es imposible traspasar mi cartera. Qué pretendan que lo venda y lo vuelva a comprar? Creo que no me merece la pena ni como cuenta remunerada",2025-12-16T21:52:30.000Z
"Para mí un aspecto muy importante es la seguridad, la tranquilidad, de que si hay cualquier problema, poder solventarlo. El no disponer de un teléfono de contacto, un correo electrónico, o un chat en directo con humanos, para mí, es esencial.",2025-12-16T08:33:55.000Z
"Es la empresa más desesperadamente negligente que conozco. Llevo más de dos meses intentando activar mi cuenta solo porque permiten abrirsela a una menor de edad, porque yo ya la he abierto en otras plataformas donde me contestan incluso aportándole un tfno para incidencias. Son tan ineptos que cada día me dicen que ya está solucionado, que no tienen más que anular el primer intento de registro, y nunca lo acaban de hacer. Cada vez que intento activar una cuenta desde 0, no me lo permiten porque no acaban de anular aquello, por lo que cómo aparece la vinculación al tfno aportado en un principio, vuelve a bloquearse el proceso. Desesperante que te conteste un robot, y cuando lo hace un humano, igual de incompetente. Encima, cada par de días te preguntan si ya está solucionado. Si no hacen NADA, evidentemente nada cambia. Miedo da tener algún problema de dinero con Trade R. Porque estás desamparado. El chat es absolutamente inútil.",2025-12-15T18:02:42.000Z
"La idea es buena, pero tiene algunas carencias, sobre todo la atención al cliente. Está claro que los bajos costes son a costa de algo. No tienen atención telefónica, no tienen contacto por correo electrónico, y el chat de la aplicación, no hablas con ellos, son preguntas y respuestas. Que habrá quien no le importe, pero para mí es un tema bastante importante, tanto como para un 3 de 5.",2025-12-15T09:18:45.000Z
"Como tengas algún problema con la cuenta olvida la atención al cliente, es nula no, lo siguiente. Tengo la cuenta bloqueada y no consigo que contactar con nadie para solucionar el problema. El chat es un bot de IA con respuestas automatizadas. No hay un teléfono donde llamar. Un desastre. Mañana iré a la guardia civil a presentar denuncia a ver si consigo recuperar mi dinero.",2025-12-14T07:43:30.000Z
"Abrí una cuenta para invertir en acciones. La aplicación, más que sencilla, pauperrima seria la palabra. Al buscar una acción, aparece el nombre sin darte otras opciones como en que mercado la puedes comprar o si hay otras con nombres similares para que hagas bien la búsqueda. Al seleccionarla, la única información es el precio en euros, ni ask ni bid, ni indice de referencia, una gráfica sin números, sin herramientas técnicas, etc... Vamos que menos imposible. No sabes en que mercado compras ni si el precio es el correcto, con lo cual a saber que Spread se llevan al bolsillo, sumale la divisa (de miedo total). Totalmente a ciegas. La App es tan simple que parece que la han hecho en dos días. No puedo creer que nadie invierta en esa App. No puedo decir nada mas porque cierro aplicación sin ni siquiera intentar hacer una compra, no me atrevo.",2025-12-11T17:42:18.000Z
"Aplican comisiones del 10% enmascarando la información para que no sea fácil de ver, una estafa",2025-12-10T17:19:05.000Z
"El precio de compra para cualquiera de su activos es mucho mayor que su precio real, por lo que siempre acabas perdiendo dinero en el minuto 1. Es una estafa en toda regla.",2025-12-09T09:48:00.000Z
"El peor servicio de atención al cliente que he visto jamas. Y mas tratándose de un banco alemán. No hay teléfono y te limitan a abrir consultas por el chat de la app. O no responden, o lo hacen a la semana si tienes suerte. Un desastre. Por otro lado,han habilitado hace poco la wallet de criptos. Pues no tienen mas que errores. He enviado 2 veces btc de mi wallet a TR y las dos ha fallado la transacción y despues de 1 semana me han devuelto las criptos. Mucho me temo que, o mejoran mucho estos aspectos o directamente me largo a otra alternativa",2025-12-07T09:10:24.000Z
"Me gusta su cuenta remunerada, la gran cantidad de opciones de inversión y lo sencillo de usar. Pero lo más importante falla, la sección de ayuda ante falta de información o dudas. No hay un correo electrónico donde enviar una duda, problema o sugerencia, todo es a través de la app y ahí no hay respuestas para todo y el char no es posible si lo que buscas no se encuentra en ese formulario. La atención al cliente es primordial, con un correo alternativo para ser informado y resolver problemas o dudas.",2025-12-05T17:17:58.000Z
"Magnífica aplicación, sencillez de uso, todo muy bien hasta que...tienes un problema!!!. Pésima, nefasta, nula, vergonzosa atención al cliente. El lunes día 1/12/2025 hice un traspaso de cryto de la billetera de Trade a otra billetera. Tras más de 40 horas aún la estoy esperando y llevo más de 24 intentando ponerme en contacto con ellos para que me den una expilaciión. Imposible. Voy mandando mensajes pero no contesta nadie, es para no creer. Mucho venderse en Redes, entrevistas explicando sus bondades y se han olvidado de lo más importante, la atención al cliente. No endiento como el Banco de España les ha dejado operar con IBAN español... Día 13 de diciembre. Seguimos igual. Cuando te atiende alguien es una máquina con respuestas automáticas. Escribes al correo quejas arroba traderepublic.com y te remiten al chat de la aplicación para una ""rápida"" atención. Esto es un cachondeo. La verdad, es que ya no sé que pasos seguir para soliconar este problema.",2025-12-13T10:43:24.000Z
"Para empezar a invertir fue bien pero cada vez  va a peor. No se si le pasa a alguien más, pero desde que pusieron la ewallet la aplicación me va fatal, hay veces que me indican en el resumen que la inversión a disminuido el 100% y al entrar ves los porcentajes ""reales"", la e wallet hay veces que me desaparece y las criptomonedas se integran con la general como antes, reinicias y todo vuelve. El primer día que pusieron la ewallet hice staking, con solana no hubo problema con Ethereum siguen pendientes 3 semanas después, (cuando en las condiciones te pone dos días de calentamiento). Mirando el precio de compra de solana el precio medio de compra no me cuadra con las transacciones hechas, en atención al cliente me dijeron que tardaba en actualizarse, sigue sin actualizar. Unido a todo esto, en atención al cliente no te atienden, te dicen (si no es un robot) que lo revisaran y que te contestaran y siempre igual y nunca resuelven, es frustrante. todo esto me genera inseguridad, el dinero puede que esté garantizado pero no tengo confianza de que una aplicación, en principio ""sencilla"", de tantos problemas, me da a entender que no le prestan la suficiente atención, que solo buscan mover fondos, generar operaciones y minimizar todo lo posible los costes, lo que lleva a también a dudar de los costes ocultos que podemos estar soportando aunque se venda como comisiones cero. Ya estoy mirando otros brokers para cambiar.",2025-12-03T01:58:57.000Z
"Tengo unos ahorros al 2% y por tener 400 euros menos este mes me han quitado 4 euros, más del 10% ,ya que quitan impuestos.Los intereses no están claros.Nada claros.Pero es imposible comunicarse con nadie.",2025-12-02T23:24:00.000Z
"Les tengo que poner una estrella ?ni eso se merecen,que banco serio que se jacte de serlo no tiene un servicio de atención al cliente en el idioma del país en que comercializa el producto (en este pais bananero que permiten que campen a sus anchas gente como está entidad impunes ),ni un número de teléfono a donde dirigirse ,ni correo electrónico....en fin .... De llorar",2025-12-02T21:10:31.000Z
LLevo con una trasferencia retenida más de 1 semana con mis ahorros en el limbo. No hay telefono donde llamar... no hay chat donde hablar (es un bot automático). Nadie te contesta. Ahora toca demandar a traves de Banco de España. Muy lamentable todo. NO RECOMIENDO PARA NADA. No entiendo las reseñas positivas.,2025-12-02T13:01:50.000Z
No tienen ni número de teléfono de atención al cliente. Llevo semanas esperando respuesta por su parte y es imposible. Me están haciendo perder mucho dinero. Presentaré reclamaciones ante la OCU y el Banco de España,2025-12-01T18:37:41.000Z
"Es una porquería de aplicación. Te pegas docenas de comunicaciones para que te soluciones un problema y solo te contesta, lo mismo todo el tiempo, un robot. Desesperante. Si para que desbloqueen el registro de mi mujer en la aplicación para que se active el de mi hija llevo aguantando que me repitan lo mismo que no funciona desde hace un mes, miedo me ds que me ocurra alguna incidencia con el dinero que ya he invertido. Hemos sbierto cuenta en XTB, y nos ha contactado UN SER HUMANO el mismo día para darnos el teléfono de un asistente para resolver lo que surja. Vaya diferencia.",2025-11-29T11:35:43.000Z
"El mejor neo banco a dia de hoy y cada dia mejorando. Lo unico que cambiaria o ajustaria es el spread a la hora de comprar cierta acciones, sobre todo en crypto.",2025-11-28T06:27:29.000Z
"Es una estafa. Dicen que te cobran 1 € por una compra de acciones pero es falso, siempre en la compra te dan un precio un 2 % aproximadamente  mas caro que el de mercado y a la hora de vender un 2 % mas barato. Es decir, tienen un spread muy elevado. En una operación de 500 € en compra de acciones ellos dicen que te cobran 1 € pero es mentira te venden las acciones que eliges a un precio superior al de mercado quedandose ellos la diferencia, tanto en la compra como en la venta. Es decir, en 500 € te ventilan unos 12 . Si compras por importe de 5000 € pues unos 120 €. Ellos adquieren todo a su precio real y te lo venden mas caro. Negocio redondo. Prefiero un broker que me diga que me cobra 0,5 % por operación y te venda a precio real de mercado. Seria mucho mas barato.",2025-11-26T08:49:13.000Z
"Desde hace más de dos meses q no puedo acceder a mi cuenta, y pese a los múltiples mensajes al chat de la app, llamadas a Alemania a su tf de atención al cliente y correos a su departamento de quejas y reclamaciones, no consigo ninguna solución. Es desesperante y frustante, un infierno q no deseo a nadie. A 16/1/2025 aún no puedo acceder a la cuenta. Ya he presentado reclamación ante el Banco de España",2026-01-16T14:06:51.000Z
"Tengo bloqueada mi cuenta y no puedo hacer uso de mi dinero y para colmo, tampoco funciona el chat. Es imposible comunicarse con nadie ni hay telefonos de atención. Es increible que se deje operar a un banco así en España y que el Banco de España ante tantisimas reclamaciones no haga nada al respecto. He contactado a través de la app de mi marido y tampoco me dan ninguna solución, he enviado un mensaje al unico correo que hay, de quejas y tampoco.....es una autentica estafa y una verguenza que esto pueda estar pasando !!!!",2025-11-24T14:09:47.000Z
"Es lamentable el funcionamiento en pc. Continuamente se desconecta y a volver a entrar. Mete país. Sale en un desplgable de los últimos. Mete  pin. Mete código q te envían al movil. Y al dar 4 o 5 pasos en la aplicación se desconecta...y a volver a empezar Y el funcionamiento en android movil,  nefasto sin mas. Ultimamenten hicieron algun cambio con las cripto y es dificilisimo ver tu posicion... Desde el móvil tampo puedo fijar precio operaciones.....todas a mercado",2025-11-21T02:50:26.000Z
Todo muy bien hasta que tienes un problema. No tienen atención al cliente y solo un chat que te constestan cada 24 horas y no te resuelven nada. No comprendo que esté permitido un banco sin atención telefónica ni atención al cliente.,2025-11-19T17:19:18.000Z
"Es un buen broker cuando todo funciona, pero si hay la más mínima incidencia, es imposible hablar con ellos. El único teléfono que te facilitan es un número alemán que solo habla inglés como un autómata. La oficina que tienen en Madrid, C/Velázquez no sirve para nada y no facilitan su teléfono ni email. Por email no contestan, no tienen WhatsApp, solo el chat que tienen es lo único que funcionan, pero tardan bastante, más de una hora en contestar la interacción en el mismo. Así que esa ha sido mi experiencia , por lo que voy a cancelar mis posiciones. Prefiero pagar más para que haya alguien que pueda atenderme ante cualquier incidencia.",2025-11-19T13:12:05.000Z
"No tienen equipo en España, no dan atención por teléfono en español.. si están haciendo negocio en España y sacándonos beneficios que menos que tener un mínimo equipo en España para atender a clientes",2025-11-18T17:18:54.000Z
"Mi experiencia personal con Trade republic ha sido frustrante. Tras un reembolso confirmado, mis fondos no fueron reflejados en mi saldo y, a pesar de contactar varias veces al servicio de atención, las respuestas que recibí parecían automáticas y no abordaban realmente mi situación. Esta falta de seguimiento me generó mucha incertidumbre y poca confianza en el proceso.Por el contrario, cuando recurrí a hu𝐚th𝐮m, el trato fue completamente diferente. Les proporcioné los detalles de mi caso y, en un plazo de 3 a 7 días laborables, lograron ayudarme a resolver el problema. Su comunicación fue clara, directa y me ofreció la tranquilidad que necesitaba en ese momento.Esta es mi experiencia personal, compartida con la intención de que pueda ser útil para quienes estén atravesando situaciones similares.",2025-11-18T06:35:15.000Z
Pésima no lo recomiendo,2025-11-18T02:45:57.000Z
"Muy buena aplicación, llevo casi 2 años usándola y no he tenido ningún problema. Buenas comisiones para ETFs. He intentado contactar con el servicio de atención al cliente para una duda y ha sido imposible. Imagina si tienes un problema grave. Me encuentro deshaciendo posiciones y cambiando de bróker, prefiero pagar algo más en comisiones y estar tranquilo.",2025-11-16T18:44:43.000Z
"Es un buen broker, cómodo, rápido y que facilta mucho invertir. Las comisiones para acciones y bonos son más económicas que la competencia, para fondos y ETF hay opciones mejores. No obstante me parece muy buena opción. La interfaz de la app es mejorable aunque funcional.",2025-11-16T17:48:29.000Z
"He realizado operaciones intradía y no devuelven el 0,2 de impuesto a las transacciones de compra que debe retornarse cuando la operación de venta es en el día . Otros brokers lo hacen a las 24 horas.",2025-11-14T23:58:15.000Z
"Soy cliente desde hace menos de dos meses y ya he tenido un problema muy grave, situación que no he vivido en ningún otro banco o bróker previamente. Llevo con la cuenta bloqueada desde hace más de 14 días, sin poder recibir ni enviar transferencias y la única vía para contactar con ellos es mediante un chat en la aplicación, que es gestionado por un bot que responde mensajes automatizados diciendo que están estudiando mi caso, sin ningún tipo de explicación o aclaración. Sinceramente, no entiendo como esta ""neoestafa"" puede ser legal en España y cómo se les permite tener este tipo de soporte, debe ser que toda su inversión recae en promociones mediante influencers y creadores de contenido . En cuánto pueda, saco mi dinero de allí. Si valoráis la tranquilidad, la transparencia y la seguridad, éste no es vuestro sitio.",2025-11-14T22:23:46.000Z
"Mi experiencia en Trade Republic: Abrí mi cuenta, hice una pequeña aportación y, algo que me gusta siempre hacer, hice pruebas de comunicación, solicitud de devolución del importe..... La comunicación es NULA. La solicitud de retirada de efectivo no se atendió. A mis requerimientos vía mail, la comunicación telefónica NO EXISTIÓ, las respuestas eran automáticas dirigiéndome a un..... ¿chat?, que POR SUPUESTO no ofrecía ninguna respuesta. Como no veía la devolución solicitada en mi cuenta, el mail que envié fue TAN INCENDIARIO, con amenazas de denuncia incluídas, que a los dos días tenía mi dinero de vuelta. El importe era mínimo. Así que tampoco corrí riesgos. Siempre lo hago cuando inicio un nuevo broker, a pesar de que JAMÁS había tenido problema alguno con ninguno de los dos con los que trabajo, seguí con mi táctica..... Y, menos mal, porque me sirvió para entender que un 2% de una cuenta remunerada no me compensaba la INCAPACIDAD DE COMUNICACIÓN TOTAL. Ni que decir tiene que jamás iría más allá con renta variable ni nada por el estilo. Cualquier traspaso de fondos, cualquier información que se necesite........ ¿Quién te responde?. La comunicación con tu broker ES VITAL. Habiendo, como hay, otros brokers de los que, tanto por mail como por teléfono, obtienes una rápida respuesta, no tiene ningún sentido estar con Trade Republic. Esa es mi opinión. Y no estoy hablando ni de rentabilidades, ni de falta de oferta, ni de operativa fraudulenta. No me cabe duda de que es un broker serio y legal. Pero si son incapaces de comunicarse conmigo, que soy su cliente, NO ME SIRVE!!",2025-11-14T14:31:57.000Z
"CUIDADO CON TRADE REPUBLIC!!! La aplicación hizo una compra desde mi cuenta de 400 acciones por un importe de más de 15.000€ hace unos días SIN MI PERMISO!!! A día de hoy pierdo 6000€ por esta inversión que hizo TRADE REPUBLIC con mi dinero. He reclamado de manera insistente a la aplicación que deshagan la orden y me reintegren el dinero en cuenta y se niegan. Además de haber emprendido acciones legales ante este robo, estoy dispuesto a demostrar a quien quiera que no miento. Mi consejo: CANCELEN SUS CUENTAS en TRADE REPUBLIC antes de que les pase algo parecido.",2025-11-13T14:08:23.000Z
"El peor broker con el que he trabajado en mi vida(y llevo 30 años invirtiendo con todo tipo de brokers y hasta chiringuitos algunos). No atienden al cliente, y lo antienden mal. Y si hay problema con su dinero por culpa de ellos, no lo resuleven, teniendo que denciarles a los organismos oficiales como he hecho yo.",2025-11-13T13:50:18.000Z
"La experiencia con Trade Republic está siendo INACEPTABLE. Tengo dos devoluciones pendientes de compras realizadas con Bizum que los comercios procesaron hace varios días, y el dinero sigue sin llegar a mi cuenta. He contactado repetidamente con el servicio de atención al cliente y lo único que recibo son respuestas genéricas del tipo “espere”. Nadie ofrece una explicación clara ni una solución real. Resulta increíble que una plataforma financiera no sea capaz de gestionar correctamente operaciones tan básicas ni de ofrecer soporte eficaz a sus clientes. Utilizo Bizum precisamente porque las transacciones deberían ser instantáneas, pero la LENTITUD Y FALTA DE TRANSPARENCIA de Trade Republic están siendo alarmantes. En este momento me siento desprotegida, frustrada y sin ninguna confianza en la entidad. Exijo una respuesta seria y una resolución inmediata. La falta de responsabilidad y comunicación por parte de Trade Republic es TOTALMENTE INADMISIBLE PARA UN SERVICIO QUE GESTIONA EL DINERO DE SUS USUARIOS.",2025-11-12T10:50:34.000Z
"Mi experiencia ha sido muy breve, descargar e instalar la APP y sorpresa, al proceder a realizar un ingreso veo que cobran 1% (comisión?)de la cantidad ingresada. Salir y desinstalar. Publicidad engañosa",2025-11-10T19:47:37.000Z
Tienen mi dinero y no lo liberan. Es vergonzoso,2025-11-10T14:30:29.000Z
HSDLGP simplemente unos sinvergüenzas,2025-11-09T16:43:42.000Z
"FECHA DE LA INCIDENCIA: 13 de octubre de 2025 Esta reseña es un aviso grave sobre la inoperancia, la falta de profesionalidad y la retención indebida de capital por parte de Trade Republic. A día de hoy, 5 de noviembre de 2025, Trade Republic retienen €10.000 de mi propiedad sin explicación ni resolución, 24 días después de recibir la devolución de la transferencia. Cronología y Detalles del Incidente (Retención de €10.000) 13 de Octubre de 2025: Realizo una transferencia de €10.000 desde mi cuenta de Trade Republic a mi cuenta bancaria externa con sede en Francia. 14 de Octubre de 2025: El banco receptor rechaza la transferencia y la devuelve íntegramente a Trade Republic. La aplicación de TR muestra esta entrada, pero la clasifica como “Rechazada” argumentando un “problema técnico” y prometiendo que el importe se devolvería al banco de origen. El dinero regresa a Trade Republic, pero no es reasignado a mi saldo. La Parálisis del Servicio de Atención al Cliente Tras la recepción confirmada de los fondos en sus sistemas, comenzó la pesadilla de la comunicación: Chat en la App (Inicios): Contacto inmediatamente al soporte. Recibo la primera respuesta genérica: ""El pago no pudo ser procesado debido a requisitos regulatorios. Te pedimos que realices el pago a una cuenta bancaria diferente."" (Esto es inaceptable, ya que no era un pago, sino la devolución de mi propio capital). 16 de Octubre (Reclamación Formal 1): Tras la respuesta robótica, envío una reclamación formal detallada por correo electrónico a quejas traderepublic, adjuntando todas las pruebas. TR me responde por correo indicando que, por seguridad, debo mantener el contacto por el chat de la app. Es decir, me fuerzan a usar un canal que me ha dado una respuesta inútil. 22 de Octubre (Reclamación Formal 2 y Ultimátum): Reitero la reclamación por correo, exigiendo una solución inmediata, citando la Ley 44/2002 sobre los plazos de respuesta y anunciando acciones inmediatas ante el Banco de España y los tribunales ante la retención de mi capital. Respuesta del Equipo de Quejas: Recibo una respuesta con el número de caso C-7328798 y la promesa de que el Equipo de Gestión de Quejas se encargaría personalmente, informando que el proceso podría tardar hasta 15 días hábiles (un plazo que ya supera con creces el tiempo que llevan reteniendo mi dinero). 5 de Noviembre (HOY - Nueva Respuesta Robótica): Tras la escalada y la promesa del equipo de Quejas, recibo una nueva respuesta por el chat de la app (el canal al que me obligaron a volver): ""Lamentamos cualquier confusión causada. Desafortunadamente, actualmente no podemos procesar transferencias a la institución financiera del destinatario. [...]"" Una respuesta genérica que ignora toda la documentación enviada y la propia naturaleza de la operación (UNA DEVOLUCIÓN, NO UN NUEVO PAGO). Conclusión Trade Republic ha confirmado la recepción de los €10.000 devueltos y se niega a reasignarlos a mi saldo, proporcionando excusas robóticas, contradictorias e ignorando el contexto de la devolución. Esto no es un ""problema técnico""; es una retención indebida de fondos y una total inacción por parte de su servicio de reclamaciones. ADVERTENCIA: Si valora la seguridad de su capital y necesita un servicio de atención al cliente diligente, evite Trade Republic. Mis próximos pasos son la reclamación formal ante el Banco de España y acciones judiciales para recuperar mi dinero. Exijo la devolución inmediata de los €10.000 a mi cuenta.",2025-11-05T19:55:22.000Z
"Experiencia malisima, no puedo entrar en mi cuenta y no hay manera de entrar, cuidado.",2025-11-05T09:33:38.000Z
Tengo la cuenta bloqueada en la app del telefono. En la web no hay problemas sale informacion pero a la hora de operar te redirigen a la app. Tienen sucursal en España pero no tienen telefono el que aparece en informacion no existe. La atención al cliente no existe. Voy a denunciarlos a la CNMV y a consumo. Solo se gastan el dinero para engañarnos en la publicidad,2025-11-04T11:28:11.000Z
"Tienen normas ridículas, si te vas a vivir a otro país te cierran la cuenta injustificadamente porque no vives en el país donde te diste de alta en vez de permitir cambiar la dirección. Así que si piensas que algún día podrías mudarte, piénsalo antes de usar este broker porque te cerrarán la cuenta y tendrás que liquidar los valores en menos de una semana, aunque no quieras. Al precio que estén.",2025-11-04T10:04:26.000Z
"Imposible contactar con el servicio de atención al cliente. No te ejecuta las órdenes de venta de las acciones cuando tú quieres, con ganancias, y luego te la ejecuta en pérdidas y pierdes dinero. Cobran muchas más comisiones que 1€ que es lo que anuncian. No la recomiendo.",2025-11-03T18:03:16.000Z
"Cero atención al cliente. No tienen teléfono de contacto en España y el alemán que tienen, solo da la opción de hablar en ingles. Aun así en ingles solo ponen locuciones dirigiéndote a su app. La cual para acceder al chat y poder hablar con ellos, es muy rebuscado y complicado. Y toca esperar a saber cuanto a que te respondan al chat. Esto es inadmisible y no deberia ser legal. Prestar estos servicios en España. Si no tienes una atención al cliente en español para este tipo de entidades. Que estamos Hablamos de un banco.",2025-11-03T13:54:41.000Z
"Nula atencion al cliente ,la supuesta oficina en madrid es mentira,no hay nadie,si tienes una urgencia estas perdido no puedes hablar con nadie. Es un peligro,si todo funciona bien ..pero como tengas un problema hackeo etc solo hay un tlf en ingles y hablas con un robot (solo tarjeras)",2025-11-02T16:47:22.000Z
Tienen mi dinero y no lo devuelven estos ladrones . Siempre la misma respuesta lo estudiamos y t mandamos ......2 semanas y aún no llega soporte pésimo.,2025-11-02T13:14:22.000Z
"No me han dado la recompensa de los clientes que he llevado,  tengo ventas de acciones en verdes que me las cobran en rojas, tengo avisos de ellos ofreciendo rembolso pero nunca llegan y no responden, y en los ETF apalancados los Stop brincan 2% antes que lleguen. También los Spreat en algunos casos son más del 2% abusivo.",2025-10-31T23:37:11.000Z
"Después de casi 1 año utilizando este banco, la valoración general es muy positiva. Además, tras la actualización de su aplicación, la experiencia es aún mejor. Tanto para invertir (especialmente de forma pasiva) y para mantener tu dinero líquido bien remunerado lo considero una gran opción. Ahora bien, existen varios puntos donde deberían mejorar: 1. Página web. Poder realizar las mismas operaciones que en la aplicación móvil para mí es importante. Actualmente se nota demasiado limitada y visualmente anticuada. 2. Atención al cliente. Personalmente, aún no he tenido ningún problema que requiera de la atención humana. Eso sí, muchas personas sí lo han necesitado y la forma de contactar no me parece la más adecuada. 3. Estabilidad de la aplicación móvil en momentos concretos. Tratar de operar de forma correcta en determinados momentos y que no se pueda por el motivo que sea no transmite confianza ni tranquilidad al usuario. Es cierto que casi nunca ocurre pero creo que se debería mejorar en futuras ocasiones.",2025-10-31T20:45:23.000Z
"Servicio de atención al cliente inexistente, pueden decirte en 4 ocasiones diferentes que solucionarán el problema y no hacen absolutamente nada. Bien hasta que tienes el más mínimo problema (lo tendrás...)",2025-10-31T14:05:18.000Z
"Una verdadera estafa, el precio de compra de la acción no corresponde con lo que indica , vigilar . Yo voy a denunciar",2025-10-30T12:02:56.000Z
"Cuando necesitas ejecutar una orden de venta de acciones donde te juegas una pasta, la app se cuelga y no te deja vender. Muy frustrante 😡",2025-10-30T10:23:41.000Z
"La APP funciona perfectamente, el banco en si también funciona bien, entonces??? el servicio de atención al cliente brilla por su ausencia, muy difícil y no tiene teléfono de contacto para si existe un problema. En el momento que exista un numero teléfono para contactar por wasap o llamadas, no dudéis que os añado las 2 estrellas que faltan.",2025-10-29T19:26:27.000Z
"Soy usuario de Trade Republic desde hace tiempo y, en general, estoy satisfecho con los servicios que ofrecen: la app es intuitiva, las comisiones son competitivas y la operativa con acciones y criptoactivos es sencilla y accesible. Sin embargo, mi experiencia con el servicio de atención al cliente ha sido decepcionante. En una ocasión, una orden de compra de Cardano (ADA) se ejecutó a un precio muy superior al de mercado, coincidiendo con un incidente técnico reconocido por la propia plataforma. A pesar de haber presentado una reclamación formal, el soporte tardó semanas en responder y finalmente se negó a ofrecer compensación, alegando que no hubo “pérdida realizada”, ignorando el principio de Best Execution recogido en la normativa MiFID II. Me parece preocupante que, ante una ejecución claramente anómala, el cliente quede desprotegido y sin una solución justa. Espero que mejoren la agilidad y profundidad de sus respuestas, especialmente en casos técnicos que afectan directamente al usuario.",2025-10-29T13:49:25.000Z
No tienen ningún tipo de teléfono de ayuda. Si necesitas ayuda por algún problema olvidate... Te toca chatear con un bot y por último que te pasen por chat a un agente... Revolut si que tiene teléfono de ayuda que te solucionan al momento.,2025-10-28T16:26:26.000Z
Me gusta muchos los servicios que ofrece y la rentabilidad de su cuenta de ahorro. La tarjeta es genial sobretodo si vas a viajar. Todo lo bueno que he escrito se cae al intentar contactar con ellos ya que se hace una misión prácticamente imposible. Así que lamentablemente no voy a jugarme mis ahorros a que haya un problema y me sea imposible hablar con ellos. Lamentablemente cambio de banco.,2025-10-28T14:34:41.000Z
"Muy bien el hecho de poder recibir intereses, ya que llevo años con mi banco y solo me quitan comisiones. Y también me he iniciado al mundillo de la inversión y con TR es bastante intuitivo",2025-10-27T21:42:44.000Z
"Despues de meter mas de 7000 euros e invertir mas de 5000 en acciones, la cuenta se bloquea sin poder hacer transferencias ni para sacar dinero ni para meter. No puedo vender las acciones y no existe un servicio de atención al cliente. Un mes escribiendo en el chat de T. R donde no hacen absolutamente nada. Mi consejo es que saquen su dinero lo antes posible si no quieren arriesgarse a que lo bloqueen todo y esperar durante semanas sin solución.",2025-10-26T13:41:47.000Z
No tienen servicio de atención al cliente. No y hay un teléfono al que llamar. La información del emial de contacto se encuentra en otras web y no en la de Trade Republic.,2025-10-25T17:26:56.000Z
"No hay forma de contactar con ellos: ni por teléfono, ni email, ni chat. Todo es un bot, y si tu problema no está entre los descritos por el bot te quedas bloqueado. En cuanto pueda cierro la cuenta.",2025-10-25T14:18:11.000Z
"Una vergüenza que Europa y Alemania permitan operar a este banco/broker que no da soporte por teléfono, email y solo a través de su app con chat automático, ESTÁN GESTIONANDO DINERO Y AHORROS DE PERSONAS, no se les debería permitir actuar como lo hacen, y deberían quitarles la licencia. Yo ya he denunciado a esta gentuza en la CNMV, animo a los demás a hacerlo, es inadmisible el despreciable trato al cliente que ofrecen.",2025-10-24T21:42:11.000Z
"Muy simple. Intenté darme de baja y tardaron tiempo, sin poder hablar con nadie, solamente un chat que no hacía caso. Noe dió ninguna confianza.",2025-10-24T13:04:04.000Z
"Ignoran los emails, cierran el caso y te mandan al chat de la app. Toda la app tiene los chat capados, excepto el de Patrimonio, Dividendos. Una verguenza. Ademas cuando les escribes en chat app el problema (dandoles un nuero unico de tracking para la transferencia, imposible confusion) te pegan un guion copiado pidiendote mas detalles y explicaciones cuando tienen todo lo necesario La peor atencion al cliente jamas vista de un banco!!",2025-10-23T17:58:45.000Z
"No han sido capaces en 2 semanas en solucionar problema técnico para ingreso por tarjeta, dejo de ser cliente, atención a cliente la peor que he encontrado de largo…",2025-10-22T19:57:25.000Z
"La comunicación con Trade Republic es muy complicada. Se empeñan en que se desarrolle a través de la app, y tienen una app muy básica. Los procesos de ayuda se convierten en callejones sin salida, porque las cuestiones están limitadas a una serie de puntos, de los cuales no hay forma de salir: te reenvían continuamente al punto de partida y no hay forma de conseguir inicial una conversación a través de correo electrónico donde se pueda explicar en detalle el problema Por otra parte, su rigidez me ha llevado a dejar de operar con ellos. Han abierto sede en España. Inicialmente me invitaban a cambiar mi cuenta en Alemania por la cuenta en España, y no quiero. Como no hice el cambio, me dejaron de pagar intereses en la cuenta. Eso es MAFIOSO. Yo contraté la cuenta con unas condiciones Y UNILATERALMENTE DEJARON DE CUMPLIR ESAS CONDICIONES Finalmente, sin mi conformidad, me han cambiado la cuenta a España. Conclusión: abandono TRADE REPUBLIC",2025-10-22T17:54:28.000Z
"Muy mal. De repente  bloquearon las acciones de QT GROUP y desde la semana pasada no puedo operar. Aparece un mensaje de que no se puede bloquear porque la cotización se ha detenido en la bolsa, pero no es verdad. Veo la cotización mediante otras plataformas que si dejan operar. Me han hecho perder dinero, ya que tengo acciones de esa empresa y no he podido operar en los últimos movimientos de precios. Les llevo enviando quejas y notificaciones desde la semana pasada y no contestan.",2025-10-20T10:24:50.000Z
"Una basura de banco. -Imposible contactarles para nada, me hicieron una estafa de phishing y se negaron a devolverme el dinero -Les voy a denunciar esta semana",2025-10-19T23:24:13.000Z
"No confiéis vuestros ahorros ni vuestro capital en este banco.. me dejaron sin servicio y con mi dinero en cuenta! Desde hace 2 meses que tengo mi dinero en una cuenta de TRADE REPUBLIC y no sacarlo ni transferirlo, el mensaje de fallo: error técnico!!! Lo único que hacen es contestarme a las reclamaciones que les hago vía chat con mensajes automáticos de.. gracias por su paciencia!!!! No hay transparencia de nada ni comunicación. A ver lo que hacen con el dinero de la gente cuando hacen estas jugarretas a sus clientes. Una vergüenza de banco!",2025-10-19T12:00:14.000Z
"He invertido con ellos y, justo después de cerrar la operación, mi cartera tuvo alrededor de 6% de pérdidas no realizadas. Esto es un auténtico escándalo, ya que son comisiones/spreads ocultos y no informados. Penados por la Ley. La CNMV se lava las manos porque es alemana y no pueden hacer nada, y luego ponte a reclamar en alemán... El Servicio de atención al cliente es horroroso. Tardaron 2 días en responderme con evasivas y cerrando la conversación sin poder contestar de nuevo. En el mail te remiten a la ayuda de la aplicación. No puedes sacar captura para probar los hechos.",2025-10-17T16:33:06.000Z
"Todo iba bien hasta que sin venir a cuento me han bloqueado mi tarjeta, tampoco puedo hacer transferencias ni retirar efectivo ni recibir transferencias tampoco. Solo puedo operar. Llevo asi mas de dos meses y no hay nadie que de soluciones, solo una maquina diciendome que tenga paciencia que en breves estaran con migo, o que no se olvidan de mi noseque. Pero aqui sigo yo sin poder disponer de mi capital, suerte que no tenia todo aqui pero vaya tela y menudo FRAUDE",2025-10-16T18:57:11.000Z
"Jueves 23/10.....Después de 10 días esperando y de múltiples reclamaciones por chat e email, hoy se han completado las transferencias. Miedo me da hacer cualquier  otra operación, no vaya a ser que me quede de nuevo con mi dinero en el limbo. Por otro lado e igual que dije todo lo demás, y que sigo estando muy descontento con el servicio de atención al cliente, tengo que admitir que el dinero me lo han ingresado en la cuenta. Espero que la experiencia mia os ayude en algo 😉 Sábado 18/10....seguimos para bingo. El lunes haré una semana que tienen perdido mi dinero pese a figurar que se recibió la transferencia y alegando que aun no han podido localizarla. Les mandé los justificantes con los números SEPA....al parecer con eso no les es suficiente. 12000 euros por el momento desaparecidos. Viernes 17/10 y me siguen pidiendo paciencia. En mi banco me dicen que es la primera vez que les piden las referencias UETR, ya de por si la que me atiende le sonaba a chino, al no requerirse nunca entre bancos con IBAN español..... Jueves 16/10 Una vergüenza hago varias transferencias desde una cuenta de España en la que soy titular a otra que me he creado en Trade Republic y me piden justificantes para localizar las transferencias...todas las transferencias tienen la misma cantidad y nombre del beneficiario. Desesperado porque no se puede contactar con nadie ni por teléfono ni por email, solo a través de su propia aplicación y contestan cuando les viene en gana. Llevo con 4 transferencias paralizadas desde el lunes.",2025-10-23T15:03:14.000Z
"Los impuestos correspondientes al IRPF que te desquitan de las ganancias lo hacen mal y me explico, en algunas ventas ni te los quitan y en otras te aplican más del 19%. Te dan excusas y no lo solucionan. Os pasa a vosotros tambien?",2025-10-14T17:43:57.000Z
Tuve un problema con una transferencia de 7500€ euros que recibí en mi cuenta pero que no aparecía en los extractos. Tardé en darme cuenta porque podía seguir usando la tarjeta para cualquier gasto pero a la hora de recibir mi primera domiciliación en esta cuenta aparecía como si tuviera fondos negativos y me devolvieron el recibo. Resulta que al seguir usando la tarjeta y que en los extractos apareciera como si no tuviera fondos acabé con fondos negativos aunque no fuera así realmente. Los correos de soporte y quejan me decía que abriera un chat en la app que es casi imposible de encontrar. Finalmente mandé otro correo diciendo lo que me había pasado y que exigía una solución o iba a reclamar a la CNMV y añadí unos datos para que supieran que usuario de la app soy. A los pocos minutos me respondieron al correo y me abrieron un chat en la app. Tardaron tres semanas en desbloquearme los fondos. Por suerte lo pudieron arreglar antes de tener más problemas con los pagos.,2025-10-14T08:51:56.000Z
"No hay atención al cliente, sólo respuestas automáticas que entran en bucle. Ya puedes solicitar contactar con ellos, que rellenas 6 veces lo mismo, acaba diciendo que envían un correo que nunca llega. Y así, sin más solución. Pésimo servicio.",2025-10-13T18:11:06.000Z
"Increpan constantemente pidiendo justificantes de movimientos entre bancos españoles con el mismo titular o pidiendo justificantes del origen de tus fondos traspasados de otros bancos españoles. Para ellos eres un delincuente mientras no demuestres lo contrario, y no hay forma de hablar con ellos ni siquiera por chat, porque solo lo pueden iniciar ellos. A mi me han bloqueado la cuenta. Además una acción comprada con ellos  la excluyen de comerciar en su plataforma sin previo aviso, con lo cual solo te queda la opción de traspasarla a otro banco para poder recuperarla.",2025-10-10T16:00:12.000Z
"Este neobanco me debe 569€ desde hace casi dos semanas. Hace unos 11 días intenté realizar un bizum a otra cuenta mía, que fue rechazada por algún motivo, y me encuentro con que esos 569€ se suman por arte de magia al balance general como si ahora tuviese 569€ más después de hacer la operación pero en balance real me quitaron esos 569€ y no los tengo desde hace 11 días, figura como ""pendiente"". Obviamente el contacto con esta entidad es imposible, y leyendo, le está pasando a muchísima gente, por lo que no quedará otra opción que denunciarlo al CNMV y a delitos informáticos en España ya que están yendo en contra de la normativa. Es muy peligroso y da muy poca confianza que un banco haga algo tan sencillo como enviar un Bizum tan mal, que te sume un balance inexistente que sale de la nada pero te quite un balance real. Mucho cuidado a aquellos que no tenéis mucho dinero, a mi ahora mismo no me afecta en mi día a día pero que te sustraigan sin explicación 569€ durante semanas te puede meter en un problema grave. Si no solucionan el problema hoy abriré en CNMV y sacaré todo mi dinero de Trade Republic. Muchísimo cuidado con ellos.",2025-10-10T09:08:42.000Z
"No contestan a las reclamaciones . Es un bot que responde en automatico y cuando es un tema fuera de los puntos que tiene , no hay manera ni telefonica ni por mail ( te responden que tu caso lo presentes en la aplicacion donde no hay sitio para hacerlo ) y cierran tu caso",2025-10-09T11:53:44.000Z
"Cuatro dias hace que realice un transferencia desde mi cuenta de TRADE REPUBLIC y aun no ha llegado al banco de destino. En el chat, no me responden y no tengo forma de contactar por tlf. Me parece vergonzoso",2025-10-09T10:44:26.000Z
Muy arrepentido de haberme creado la cuenta. No te dan los beneficios que te corresponden. No os hagáis la cuenta.,2025-10-08T08:39:46.000Z
"Los datos como bróker no son correctos. Las medias que realizan son erróneas y produce perdidas aunque tu veas al principio que tienes beneficios. Spreads muy altos. Luego hacen lo que quieren con los beneficios, le pides explicaciones y te cuentan mentiras. En criptos es horroroso. En cuanto pueda sacar mi dinero sin perdidas me largo.",2025-10-07T16:40:37.000Z
Actualizo mi reseña: sigo sin poder acceder a mi cuenta después de más de 75 días. Trade Republic no ofrece ninguna solución. El soporte sigue respondiendo con mensajes automáticos y no permite una verificación manual de identidad. He contactado con CNMV y BaFin sin resultados. Esto es muy grave: mi dinero sigue inaccesible y la empresa no da la cara.,2025-10-07T15:50:24.000Z
Atención al cliente nefasta o sencillamente inexistente,2025-10-06T23:07:25.000Z
no puedes volver abrirte una cuenta nueva,2025-10-04T15:28:04.000Z
Muy mala App en general. Sobre todo nada de comunicación al servicio al cliente. No dejaria mi patrimonio en estas manos.,2025-10-07T13:55:57.000Z
"Llevo con ellos más de un año con la cuenta remunerada y con inversiones, y hasta día de hoy todo súper bien",2025-10-03T06:33:51.000Z
"Llevo un mes como cliente y mi experiencia sinceramente es nefasta. El motivo de abrir una cuenta con ellos es como la mayoría para invertir, aquí mi primera sorpresa, si bien la gestión ronda de 1 a 2 euros (Acc, Fond, ETF) la ""horquilla"" de compra/venta es exagerada, ejemplo: con TR inverti 500€, la Acc c/u costo 0,1465, cuando con Renta4 con igual importante, fecha y hora 0,1364... Asumo el ERROR de no haberme fijado esas diferencias. Y ahora resulta que al ver mi ""efectivo"" en la cuenta de TR, han pasado un cargo de unos billetes de una cia aérea, y la retención que realizaron en su día continúa retenido, con lo cual de momento lo han ""cobrado"" dos veces... Leyendo en foros al parecer es ""normal""... Para mi no lo es. No procedo a cerrar la cuenta por las Acc (hasta recuperar esos 60 euros de horquilla que lamentablemente perdí) pero traspasare todo mi dinero y daré de baja la tarjeta. Consejo: si vuestro deseo es invertir, pasaros a R4 o Mylnvestor",2025-10-02T07:11:13.000Z
"Abri una cuenta en Verano, puse un dinero  en la misma, y 3 meses despues miro y veo que no me han abonado ningun interes.. Pregunto y me dicen que tenia que haber clickado en ""Activar interes"". Eso es una TRAMPA para no pagar intereses. Antes no existia en esa cuenta. Ni existe en ninguna que yo conozca, y son varias cuentas remuneradas.  Cuando la abres no te informan de ello, y si abres una cuenta es para que de te intereses, no para que este el dinero parado. Se quedan con tus intereses, te los roban, y eso tiene un nombre LADRONES. Ya le ha pasado a mucha gente en España , mirar foros etc... Deberian abonar los intereses generados a todo el mundo , aunque no le hubiese dado a esa TRAMPA.... Como pueden engañar asi a la gente en estos tiempos....Mucha publicidad en todos los medios y luego son unos estafadores que se quedan con tus intereses.     Deberian rectificar.....",2025-10-01T20:38:56.000Z
"Como banco no está mal, para invertir es un auténtico timo, no óperas directamente en bolsa , si no que óperas en una bolsa interna en Luxemburgo, son unos auténticos sinvergüenzas que cambian el precio a conveniencia, verás subir el precio real y ellos lo bajarán, juegan con tu dinero, nunca tendrás beneficio, manipulan el precio a su favor, operar acciones en TRADE es una auténtica estáfa. Mejor IBKR sin duda, y ya puestos en un Make Market como XTB, que no manipula tan descaramente los precios de las acciones.",2025-10-01T10:25:09.000Z
"No la recomiendo: Me siento profundamente decepcionado con Trade Republic. Realicé una transferencia que aparecía como inmediata y, tras varios días, el dinero seguía retenido. Lo peor no fue solo el error, sino la nefasta atención al cliente, que se limitó a respuestas automáticas sin ofrecer ninguna solución real. Cuando detecté el engaño (de inmediata a no inmediata) pedí cancelarla, pero me dijeron directamente que no se podía cancelar. Y me pregunto: ¿qué hace Trade Republic con ese dinero retenido durante días? Es muy frustrante confiar en una entidad que debería dar seguridad y en su lugar genera impotencia y desprotección.",2025-09-29T11:58:20.000Z
"Mucho cuidado al comprar valores, doy una orden de compra de 10.000€ de acciones de Berkeley Energía y se ejecuta en el acto pasando a tener en la cartera solo 9.000€ en vez de los 10.000€, las acciones en todo el día cotizaron planas en 0,32€ y Trade Republic me me hizo la compra a 0,34€ cuando en ese precio no había cotizado la acción ni en el mismo día ni en la misma semana. Después de escribirles muchas veces y de solicitarles que me llamara un agente ni me solucionaron el problema ni me llamó ningún agente.",2025-09-29T09:36:03.000Z
"PELIGRO ☣️ De un día a otro la app no reconoce mi pin y no me deja entrar. Me tienen retenido dinero por casi 1 mes, ""Increíble"", el soporte una completa basura. Para abrí cuenta e ingresar todo bien, pero cuando hay problemas no funciona tan perfecto. Evitarlo al 💯%.",2025-09-27T14:11:30.000Z
"Positivamente, destacar su facilidad de uso. Però tiene muchos puntos negativos: hay fallos de conexión si la cobertura es baja o les da por modificar la app, en la cartera pasas de información sobre evolución mensual a anual (sin info sobre el trimestre ni el semestre), es inexistente la atención telefónica y tienes suerte con atención web... Da miedo los cálculos sobre los beneficios/perdidas... Llevan un descontrol importante y, lo malo, es que el informe que envién a Hacienda no se si será el correcto... MIEDO ME DA...",2025-09-26T18:23:25.000Z
"Llevo solicitando 3 días esperando para que soliciten a otro banco una devolución de un Bizum que realice por error. Lo tengo hablado ya con la persona y el banco al que realice el Bizum, y llevo 3 días esperando a que me contesten por el chat para poder realizar la solicitud. Ningún número donde llamar, ni solicitar más ayuda con premura. Lamentable",2025-09-26T15:51:43.000Z
"Al principio todo bien, envié dinero a la cuenta, contraté un ETF y pagué 5€ por la tarjeta. El problema es que no puedo activar la tarjeta y las transferencias que envío a TRADE REPUBLIC se devuelven a la cuenta origen sin motivo aparente. Les escribí un mil e indican que por esa vía no pueden ayudarme, les escribo en el chat y llevo ya más de 24 horas sin respuesta, tampoco tienen un teléfono de atención al cliente en España...... Creo que en breve me tocará poner una reclamación en Banco de España ya que tampoco veo donde poner un reclamación en la web ni el app.",2025-09-26T15:33:33.000Z
"Atención, voy a informaros objetivamente de esta supuesta entidad. Cuidado, si todo va bien parece que es un ""buen banco"", mas allá de la mentira de ""invertir por 1€"" teniendo en cuenta que meten un spread que ya no sale a cuenta, en fin, ese no es el tema. Tengo todo bloqueado, cuenta, valores y tarjeta, sin motivo y unilateralmente por ellos, no atiende NADIE, no hay teléfono, cientos de email, a través de la APP ya es de risa, un BOT y ya, y ahora lo grave; les envío BUROFAX, pues bien, resulta que su sede es FICTÍCIA, si señores, solo un domicilio fiscal sin personas relacionadas con TRADE REPUBLIC, vamos, al mas puro estilo de los ""chiringuitos mafiosos"". Esta dirección es un ""coworking"" en donde atiende una persona el teléfono señalando que se encarga de comunicar, a través de un correo que SOLO ella tiene, a Trade Republic las notificaciones, etc., vamos, una atención al cliente ""delegada"" en una empresa (Venture X), por una persona ajena al banco, sin relación alguna con ellos y que dispone de un correo que no está disponible para el cliente, PERDONAAA?, ESTO ES TRANSPARENCIA señores. A ver hasta donde llego amigos, solo digo una cosa, y yo estaba tan tranquilo que quede claro; si estás a tiempo HUYEEE, SAL DE AHÍ, no sea tonto como yo, por creer que vas a ganar dinero, yo os digo que no compensa, solo es un experiencia, ahora bien, ya sabéis, cuando las barbas de tu vecino veas pelar.... Un saludo para todos.",2025-09-26T12:53:25.000Z
"Mi experiencia con Trade Republic ha sido bastante positiva, sobre todo porque no solo funciona como bróker, sino también como una especie de cuenta de ahorro/inversión. Uno de los puntos fuertes es que el dinero en efectivo que mantengo en la cuenta me genera intereses mes a mes, algo que muy pocos brokers ofrecen. Es una forma de tener liquidez disponible sin que el dinero esté 'parado'. Lo recomiendo para alguien que busca invertir sin complicarse demasiado, con la ventaja adicional de obtener intereses por el saldo en efectivo, Trade Republic me parece una opción muy completa.",2025-09-26T09:47:36.000Z
"Es muy grave y peligroso que una entidad con este tipo de mal ejercicios y politicas de cara al cliente la permitan libremente operar en España. La atención al cliente en la App no funciona, escribes por email y te responde siempre con una respuesta automática copiando y pegando texto. Me tienen retenido dinero (2500 euros) por mas de 15 dias y contando, nadie responde, nadie da la cara, 0 comunicación. No puedo transferir mis fondos, la app dice que fallo técnico, lo que veo es que están utilizando el dinero de los clientes para especular...PELIGRO, OJO CON ESTE FRAUDE BANCARIO",2025-09-25T18:18:30.000Z
"No le doy un 0 ya que no se puede, NI SE OS OCURRA meter vuestro dinero aquí, ya que de la noche a la mañana puede desaparecer y nadie, ningún ser humano va a estar para ayudarte. evitar 100%. Contexto: llevo desde el 1 de agosto de 2025 sin recibir bizums de mis amigos, que aparecen completados, pero nunca entraron en mi saldo y ahora tengo la cuenta bloqueada y a 25 de septiembre aún no se el motivo y lo máximo que he podido saber de ellos, según una tal María que me contestó, es que por privacidad no pueden decir nada y que ya si me da la gana pues reclame a algún organismo, que ellos no pueden decir nada ni plazos ni motivos ni nada, CINE SEÑORES.",2025-09-25T11:31:55.000Z
"Pros: Cuenta remunerada al precio del BCE. No está mal, aunque hay opciones mejores. Contras: Tratar de invertir es un robo a mano armada. Con el gancho de 1€ por cada operación, el spread es tan alto a su favor que de entrada compras perdiendo un 3-5%, y al vender, además vuelves a perder otro tanto, por lo que probablemente hayas perdido alrededor de un 10% de la inversión que hayas tratado de hacer, con lo cual solo obtienes pérdidas.",2025-09-22T12:31:05.000Z
"Es demasiado complicado introducir tu foto y no se te ocurra tener la app en móvil y otro dispositivo...no puedes tampoco contactar a través de la app con atención al cliente, de algo sencillo han hecho una maraña complicada.",2025-09-20T15:12:10.000Z
"He cambiado de terminal telefonico, que no de numero, y para poder asociar mi nuevo dispositivo me piden un SMS que no me llega, luego, se bloquea el poder seguir intentandolo, lo que me lleva a 2 días sin poder acceder a mi aplicación. Por otra, tampoco hay un telefono de atención al cliente en España. Solo queda la reclamación por correo, que dicen que tardarán 15 días en responder. Un fiasco.",2025-09-17T10:48:15.000Z
"Cuando más la necesitas para operar falla, acciones con precios muy por encima del precio real, y las cryptos intocables. Peor que ir a comprar en una gasolinera. A veces el acceso es imposible porque se bloquea. Para lo único que vale realmente es como cuenta remunerada y cada vez peor, para el resto hay muchas otras con muchísimo mejor funcionamiento y operabilidad. Para principiantes ok, después cambiate a otro, nada recomendable",2025-09-16T12:19:03.000Z
"No hay que fiarse de Trade Repúblic. Llevo tres días intentando entrar en la aplicación y no hay manera porque no recuerdo el código. Me dicen que me haga un autofoto y ninguno les vale: ojos cerrados, ángulo incorrecto, la cara no cabe en el marco... Todo falso. No hay ninguna persona con la que puedas comunicarte; sólo te ofrecen una máquina.",2025-09-13T18:55:27.000Z
"Todo bien hasta que tienes algun problema, solo tienen un telefono en caso de perdida de tarjeta y te atiende un contestador, por e-mail te responden un correo automatico diciendote que la única via de comunicacion es el Chat de la aplicación movil, y si no puedes entrar a la app como era mi caso, estas vendida. Pero es que además el chat de la app, no es mas que un Chatbot, osea otra máquina. La atencion al cliente es pésima. Estoy pensando en cerrar mi cuenta porque me siento muy desprotegida y poco atendida en este aspecto y cuando se tratan de tus ahorros, no te apetece estar tratando con máquinas.",2025-09-11T08:38:07.000Z
"Han actualizado su app para iPhone dejando a muchos usuarios sin la posibilidad de recuperar su dinero. La web te permite hacer algunas operaciones, cómo ingresar dinero en la cuenta, pero casualmente no te deja retirar TU dinero a una cuenta externa, a no ser que compres otro móvil compatible con la última versión de la app, algo completamente inconcebible e inaceptable. Tengo varias apps de otras empresas de productos financieros y con ninguna pasa nada igual. No hay forma de contactar con el servicio de soporte o atención al cliente, ya que igualmente hay que hacerlo a través de la app. Solo por eso voy a retirar todas las inversiones en ese banco, ya que me han obligado a comprar otro teléfono (cosa que no necesito en absoluto). Nada recomendable.",2025-09-10T21:50:37.000Z
Engaño en la activacion del saveback.Activado el fondo de inversion en julio y no me han dejado activar el saveback hasta el 2 de septiembre perdiendo todo el saveback de agosto.Por mucho que me he quejado me dicen que no ko tenia activado y cuando pregunto porque no se me ha dejado activarlo hasta el 2 de septiembre no hay contestación,2025-09-10T19:42:18.000Z
"Vendi unos valores y llevo esperando mas de 7 dias sin que aparezca mi dinero disponible, desde la ayuda del chat no resuelven nada solo que lo miraran, no fiaros de ellos....",2025-09-09T20:00:11.000Z
"Plataforma demasiado simple. Pagas 1 euro por transacción pero mantienen un spread tan alto que te roban en el precio de compra y venta cada vez. Es ahí donde hacen su dinero. La plataforma tiene muchos errores donde te van quitando dinero y no tienes la información completa de tu transacción y luego el servicio de atención al cliente es pesico. Son amables, pero eso no resuelve. Contestan respuestas generalizadas y nunca comprenden el problema que ellos han creado porque su plataforma no funciona. Te quitan dinero por donde pueden. Y como la gente que lo usa apenas conoce ciertos mecanismos, con eso hacen dinero. Con la gente que no se queja de que les roben.",2025-09-08T12:02:04.000Z
"Totalmente de impresentables,tengo mi dinero y no te deja operar te dice fallo técnico,y el chat ni caso,sin atención al cliente nefasto,es increíble que el banco de España no haga nada con este banco,me quedé de cuadros cuando al pagar con mi tarjeta no funcionaba y menos aún me deja hacer nada ni bizum ni transparencia ni retirada de efectivo ya doy por perdido mi dinero",2025-09-08T11:27:06.000Z
"Atención nefasta. Al no cobrar los intereses de agosto comunique con el chat y parece ser que no migré la cuenta a un IBAN español,pero es que no recibí ninguna comunicación ni banner para hacerlo. Ahora al reclamar veo qu no hay un teléfono de contacto,  solo un chat que no resuelve nada y con preguntas ya diseñadas y respuestas también. Entras en un bucle sin conseguir ayuda para resolver mi problema. Descontenta de la atención al cliente voy a poner una queja al Banco de España.",2025-09-06T16:29:14.000Z
No resuelven ninguna incidencia. No recomendable en absoluto,2025-09-05T09:14:26.000Z
"Es una estafa, mucho cuidado. Cuando intentas retirar todo sin tener ya ni limites, ni nada de nada pendiente, la cuantía no pasa de pendiente a disponle por muuuuuchos días que pasen. Ni se os ocurra meter aqui un euro. No hay servicio de atención al cliente, solo bots dando largas.",2025-09-06T01:15:34.000Z
"Un 2% remunerado mes a mes, todo correcto, el problema llega a la hora de invertir, las compras se realizan a un precio mayor del cotizado en ese momento, un 3 o un 4% por encima del valor real , por lo que en el mismo instante que realizas la compra ya pierdes un 3%, igual pasa al vender , vendes a un valor inferior al real, así que las comisiones de un 1€ se convierten en 150€ si inviertes 5000€ como ha sido mi caso. Así que me voy con todo de vuelta a mi banco, es un timo excepto lo del 2% de interés.",2025-09-02T20:34:46.000Z
No se me han pagado los intereses de este mes. Voy a denunciar ante el Banco de España.,2025-09-02T14:30:36.000Z
"Sin ningún tipo de aviso y sin darme ningún motivo, han bloqueado mi tarjeta sin mi permiso, y sin darme ninguna solución. Intento buscar ayuda a través de su app, pero su servicio de atención al cliente es INEXISTENTE. En cuanto me solucionen esto retiraré todo mi dinero y cerraré mi cuenta, después de ponerles una denuncia como una catedral.",2025-09-02T12:14:00.000Z
"Lo cierto es que la app es súper sencilla e intuitiva. Pero es imposible contactar con atención al cliente. Ni tienen número, ni correo ni nada... El caso es que me gustaría saber que pasaría con el capital en caso de enfermedad grave o muerte y no me dan norte...",2025-09-01T21:22:52.000Z
"El soporte es inexistente. Rezad para que no pase nada con vuestro dinero. Llevo esperando la tarjeta de crédito más de dos meses y no la envían, cuando se cumple el plazo, me piden que vuelva a pedirla y no la envían jamás. Tengo dos chats abiertos y nadie responde.",2025-08-29T10:30:01.000Z
"Estaba encantado, pero ante un cupón de un bono que no me pagan he necesitado la atención al cliente y es la peor que he probado nunca. No hay teléfono, obligatorio al chat que tardan días en contestar soluciones vagas y carentes de lógica. Si algún día me pagan lo que es mío, cerraré la cuenta",2025-08-28T16:35:19.000Z
Llevo un mes intentando retirar el dinero de la cuenta para cerrar esa aplicación solo Me dan larga media te un chat ayuda en la que no resuelve nada ! Vuestra Atencion es pésima ! Esto le ha pasado ya a mucha gente por todos los comentarios que he leído en la ocu. No hay manera de ponerse en contacto con bistró ni email. Pero para mandar publicidad si !! Sois una vergüenza,2025-08-27T15:52:27.000Z
"MUCHO CUIDADO. Llevo muchos años con ellos comprando acciones, usando su tarjeta, etc y nunca tuve ningún tipo de problema. Pero la última vez que compré una acción, en concreto ""Ezentis"", la cuál podéis buscar en su aplicación, según su gráfico el precio oscila todo el rato entre 0,0863€ y 0,1130€ aproximadamente, lo que parece un regalo para hacer dinero, comprar barato vender caro. Pues bien, cuando fui a comprar 500€ de la acción a 0,0863€ mi sorpresa es que tengo una pérdida de más de 150€. Revisando la operación veo que la acción se compró a 0,1406€, precio al que NUNCA ha llegado según su gráfico. Intento contactar con ellos (casi misión imposible) y me dicen que todo esta bien, después de pedir 10 veces que me indicaran como poner una reclamación me empiezan a hablar del método FiFo, como si tuviera algo que ver en la compra. Después de varias semanas siguen sin decirme como poner una reclamación y me he dado por vencido. No me quedará otra que ir a denunciarlo, ya que están obligados a indicarme un email para poner esa reclamación, como bien pone en su propio reglamento del servicio en el artículo 9.",2025-08-24T17:08:03.000Z
"Me iba a abrir una cuenta y menos mal que no lo hice. Solicite información hace más de una semana por email y todavía no he tenido respuesta (y seguramente jamás la tenga) y al registrarme el SMS de verificación llegó 3 días después. Como para tener un problema, mi dinero aquí jamás.",2025-08-23T15:20:29.000Z
"Todo va bien si no mueves el dinero. A la mínima incidencia o necesidad de algo que se salga de su norma (en mi caso una solicitud de certificado de titularidad, nada extraordinario), pésima atención al cliente, tiempos alargados de respuesta, no sabes si hablas con un humano o un BOT... Terrible!",2025-08-22T11:05:42.000Z
Llevo 3 semanas intentando abrir la cuenta...,2025-08-21T08:04:56.000Z
"Llevo semanas para que me devuelvan los intereses cobrado doble de una acción, como solo tengo acciones con ellos y no tengo efectivo encima de que me dan largas para recuperar mi dinero me dicen que o meto saldo o venden mis acciones si pasa una semana encima negativo el saldo de la cuenta. En cuanto venda las acciones que tengo me paso a Revolut",2025-08-19T15:13:55.000Z
"La comisiones son bajas aparentemente...  pero manipulan los precios de ejecución, por lo que al final te cobran lo que les da la gana. El servicio de atención al cliente es un bucle lamentable. Huid si podéis:-)",2025-08-18T10:57:35.000Z
"EL servicio de Atencion al cliente de Trade Republic es LAMENTABLE ! Su telefono en Alemania es una maquina que n deja de repetir lo mismo, su acceso y ayuda por la App es un bucle y nadie responde al Chat ! Estan jugando con dinero de personas y nadoe hace nada ! Llevo dias sin poder acceder a mi cuenta y no hay forma de hablar con alguien ni recibir ayuda !!",2025-08-18T10:27:59.000Z
"CUIDADO QUE ESTO PINTA MAL. Llevo utilizando TR más de un año, sin embargo liquide todas mis operaciones para cambiarme a otro banco. La última que hice por importe aproximado de 2.500 euros se quedó en PENDIENTE, lleva más de dos semanas y por supuesto el soporte son bots que no dicen nada. Obviamente esto es ilegal y tendré que realizar una reclamación ante la CNMV. Menos mal que no es una cuantía alta y en este caso no me hace falta pero AVISO a todos los que utilizáis la app, porque según he leído en varios sitios hay más personas que le ha ocurrido lo mismo…",2025-08-15T23:04:45.000Z
Tener cuidado con este banco. Tengo mi dinero bloqueado desde hace 4 días... Me dicen como a otras personas que tengo órdenes abiertas...y eso no es cierto.... Tengo varias inversiones en criptomonedas y no me deja hacer nada. El soporte también es nulo. También tengo puesta queja CNMV....,2025-08-15T15:17:20.000Z
"Tengo saldo elevado el cual no me permiten transferir ni a otro banco ni usarlo, lo han bloqueado. Supuestamente hay ordenes de compra abiertas las cuales ni he realizado ni se pueden cancelar. He presentado una queja ante la CNMV y si no se resuelve tendré que gastarme el dinero en denunciar judicialmente.",2025-08-14T11:47:32.000Z
"El soporte es inexistente Les envias correos y te contestan con un mail generico y te dicen que les escribas por la app El caso que la ayuda de la app, te da mucha informacion pero no hay ningun lugar donde puedas escribirles Les comente un problema con el saveback hace unos meses y ni se dignaron a contestarme Ahora me estoy poniendo en contacto con ellos por transaccionoes fraudulentas y lo ismo, el mail lo tienen de adorno y en la ayuda de la app, mucha informacion pero ningun chat Me da a mi que en poco tiempo voy a sacar los ahorros, ejor les voy a pedir que migren mi fondo a otro broker que les dara mas trabajo Son unos sinverguenzas, en pleno 2025, regulado en Europa y sin soporte....",2025-08-13T14:03:08.000Z
"Estaba muy satisfecho... hasta que me han puesto IBAN español, me han desaparecido 37 euros (que no figuran en ningún extracto) y no contentos con eso, me cierran los chats de ""ayuda"". No hay atención al cliente. Además, con amenazas por tener la cuenta con -2,10 euros.",2025-08-12T13:38:39.000Z
"El soporte deja mucho que desear. Todo bien hasta que tienes un problema y te quedas abandonado. NO TIENEN TELEFONO. NO TIENEN MAIL. Solo un chat que deja mucho que desear Ademas, el spread que tienen en cripto es una locura.",2025-08-12T09:13:10.000Z
"Estaba contento con la aplicación hasta que tuve el primer problema. Es la tercera vez que contacto con ellos ya en 2 meses, me dan una respuesta automatizada y dan el problema por resuelto sin haber hecho absolutamente nada. Tened cuidado con vuestro dinero. El servicio de atención al cliente que tienen es RIDÍCULO.",2025-08-11T14:10:58.000Z
"No es posible retirar fondos de mi cuenta remunerada por fallo de la verificación facial, cuando si que pude hacer dos operaciones sin problema. Cuando ven que retiras mas de lo que ellos quisieran te bloquean el dinero para que no puedas hacer movimientos. Atención al cliente es un bot que repite lo mismo todo el rato, con unas recomendaciones de copiar y pegar una y otra vez. Mail que te redirige al bot y te sientes impotente y con el dinero bloqueado. Solo me queda reclamar al CNMV. No os hagais ninguna cuenta, no vale la pena por el mal trago que te hacen pasar....",2025-08-11T10:00:10.000Z
"Al app es BASURA pero al principio lo soportaba porque la tasa que pagaban era respetable y superior a cualquier banco. Luego bajaron la tasa, no es su culpa, el BCE es que que la bajó, pero dejó de ser superior a la de otros bancos, ya no era atractiva por lo que pasé a invertir en stocks. No me fué mal, pero hay cientos de plataformas mejores para stocks. Ahora se pasaron a España y dejan de pagar por el saldo en cuanta a menos que uno se pase a España, cosa que no me interesa. Quiero vaciar mi saldo en cuenta y no deja agregar cuenta bancaria nueva. Entro a soporte y ademas de tener un horario extremadamente limitado, responden lentisimo y con templantes, incluso dudo que responda una persona o un BOT mediocre. Actualmente no puedo sacar mi dinero y espero desde hace horas a soporte. No es posible que un chat con soporte se tomen horas para responder cada mensaje!",2025-08-08T12:28:10.000Z
"Tuve mes y medio 50000 euros en su cuenta y no me abonaron nada, ni me informaron de que tuviera que contratar algún tipo de inversión o depósito. Todo lo presentan, que automáticamente uno recibe y controla mes a mes los intereses abonados.  Pero no es así, pues, cuando uno ha abierto la cuenta y ha transferido el dinero, los intereses no se generan automáticamente, pues hay que invertir o depositar. Y nadie te dice nada. No he podido contactar con ellos",2025-08-08T12:25:30.000Z
"Me han aplucado la retencionde un dividendo dos veces, llevo tres dias esperando que se pongan en contacto conmigo. Mi experiencia con tradecrepublic nefasta",2025-08-07T23:46:14.000Z
El servicio de atención al cliente es nefasto!!! No me explico como después de tantas críticas no pone el remedio.,2025-08-06T16:59:16.000Z
"En principio estaba muy contento con la plataforma.La atención al cliente es lenta,te contestan pero no solucionan.Te delegan a sus especialistas en la materia y te puedes morir esperando. Se supone que en un Neo banco tienen que reaccionar rápidamente ya que se trata de finanzas de las personas...",2025-08-06T16:04:26.000Z
Me ponen en negativo ya dos veces y no saben porque .....,2025-08-05T21:17:28.000Z
Pésima. El servicio de atención al cliente es inexistente. Siempre te dirigen a la autoayuda y si no se resuelve no te den la posibilidad de un dialogo explicando el problema.,2025-08-05T17:14:38.000Z
Buena aplicación El servicio de cuenta remunerada es una maravilla y la aplicación funciona muy bien. El único pero es el servicio de atención al cliente.,2025-08-05T09:56:35.000Z
"Se han quedado con mi dinero. El viernes 1 de Agosto realizo la primera transferencia de 100€, y no figura. El sistema me dice que esperase hasta hoy 5 de Agosto, el banco me ha restado la cantidad, y en mi patrimonio de Trade Republic no aparece. Al hacer click en ""obtener ayuda"", la pantalla se queda en negro y no figuran los pasos que el sistema dice que tienes que seguir. A eso se le llama ROBAR. ¿Me van a dar solución?",2025-08-05T07:39:05.000Z
Personalmente me encanta la aplicación por lo intuitiva y práctica que es. Puedo gestionar mis productos de manera fácil. Pero en el otro lado debo decir que el servicio al cliente es decepcionante y debe de mejorar. Llevo 2 días reportando una incidencia y nadie responde. Es incompresible,2025-08-04T20:46:56.000Z
"Estos imb..eciles ahora de pronto la unica forma que tienen para atenderte es solamente via su app y accediendo laberintosamente por unas categorias de la ayuda para dar con un agente, y eso para todo tipo de gestiones ahora, incluida el traspaso de valores , todo en su jodida letra minuciosa enana ahora debes arreglartelas para gestionar cualquier cosa con ellos! Fatal este tipo de atencion al cliente!! Customer service has become a full shit with their stupid laberyntic app",2025-08-04T20:15:03.000Z
Tienen la peor web y app que he visto nunca. Es imposible saber lo que tienes y tus finanzas. Les voy a quitar mi dinero por no haber invertido en una buena web y app para los clientes.,2025-08-02T17:28:20.000Z
"Imposible contactar con atención al cliente via chat, email o teléfono. Chat es un bot que no da acceso a una persona. Email te envía al chat. No hay teléfono. Si tienes cualquier problema estás sólo.",2025-08-01T13:16:10.000Z
